n,seconds_float,seconds_exact,ns_per_alt_float,ns_per_alt_exact
1000,0.0010719300000801013,0.005916156000012052,1071.930000080101,5916.156000012052
10000,0.010118420000026163,0.0608703540000306,1011.8420000026163,6087.03540000306
100000,0.09795447099998,0.6181996889999937,979.5447099998,6181.996889999937
1000000,0.9795829130000584,6.105928998999957,979.5829130000584,6105.928998999957
