n,seconds_float,seconds_exact,ns_per_alt_float,ns_per_alt_exact
1000,0.001043719999984205,0.00512709999998151,1043.719999984205,5127.09999998151
10000,0.008090936000030524,0.04979902399998082,809.0936000030524,4979.902399998082
100000,0.08440739600001734,0.5016104459999724,844.0739600001734,5016.104459999724
